code,target_url
i9vqrjgv,https://podlog.io/?utm_source=s4l&utm_medium=post&utm_campaign=podlog&utm_term=twitter&utm_content=i9vqrjgv
zbw5qt6z,https://podlog.io/?utm_source=s4l&utm_medium=post&utm_campaign=podlog&utm_term=twitter&utm_content=zbw5qt6z
jzqurw2u,https://podlog.io/?utm_source=s4l&utm_medium=post&utm_campaign=podlog&utm_term=twitter&utm_content=jzqurw2u
myxv7te9,https://podlog.io/?utm_source=s4l&utm_medium=post&utm_campaign=podlog&utm_term=twitter&utm_content=myxv7te9
5qgzgjk5,https://podlog.io/?utm_source=s4l&utm_medium=post&utm_campaign=podlog&utm_term=twitter&utm_content=5qgzgjk5
xzbkyn6c,https://podlog.io/?utm_source=s4l&utm_medium=post&utm_campaign=podlog&utm_term=twitter&utm_content=xzbkyn6c
zza435cf,https://podlog.io/?utm_source=s4l&utm_medium=post&utm_campaign=podlog&utm_term=twitter&utm_content=zza435cf
e3u7mw5n,https://podlog.io/?utm_source=s4l&utm_medium=post&utm_campaign=podlog&utm_term=twitter&utm_content=e3u7mw5n
y4cjbfyq,https://podlog.io/?utm_source=s4l&utm_medium=post&utm_campaign=podlog&utm_term=twitter&utm_content=y4cjbfyq
xfe42xe5,https://podlog.io/?utm_source=s4l&utm_medium=post&utm_campaign=podlog&utm_term=twitter&utm_content=xfe42xe5
fkkdb75k,https://podlog.io/?utm_source=s4l&utm_medium=post&utm_campaign=podlog&utm_term=twitter&utm_content=fkkdb75k
ht58bm56,https://podlog.io/?utm_source=s4l&utm_medium=post&utm_campaign=podlog&utm_term=twitter&utm_content=ht58bm56
kxwbb8sn,https://podlog.io/?utm_source=s4l&utm_medium=post&utm_campaign=podlog&utm_term=twitter&utm_content=kxwbb8sn
2pw873w8,https://podlog.io/?utm_source=s4l&utm_medium=post&utm_campaign=podlog&utm_term=twitter&utm_content=2pw873w8
6skha72m,https://podlog.io/?utm_source=s4l&utm_medium=post&utm_campaign=podlog&utm_term=twitter&utm_content=6skha72m
jgbbu5n6,https://podlog.io/?utm_source=s4l&utm_medium=post&utm_campaign=podlog&utm_term=twitter&utm_content=jgbbu5n6
shfziee9,https://podlog.io/?utm_source=s4l&utm_medium=post&utm_campaign=podlog&utm_term=twitter&utm_content=shfziee9
3r9n4etr,https://podlog.io/?utm_source=s4l&utm_medium=post&utm_campaign=podlog&utm_term=twitter&utm_content=3r9n4etr
2qctrmep,https://podlog.io/?utm_source=s4l&utm_medium=post&utm_campaign=podlog&utm_term=twitter&utm_content=2qctrmep
7p999bxs,https://podlog.io/?utm_source=s4l&utm_medium=post&utm_campaign=podlog&utm_term=twitter&utm_content=7p999bxs
q46xgenz,https://podlog.io/?utm_source=s4l&utm_medium=post&utm_campaign=podlog&utm_term=twitter&utm_content=q46xgenz
bd4mepzx,https://podlog.io/?utm_source=s4l&utm_medium=post&utm_campaign=podlog&utm_term=twitter&utm_content=bd4mepzx
554thzd9,https://podlog.io/?utm_source=s4l&utm_medium=post&utm_campaign=podlog&utm_term=twitter&utm_content=554thzd9
dzfci3fm,https://podlog.io/?utm_source=s4l&utm_medium=post&utm_campaign=podlog&utm_term=twitter&utm_content=dzfci3fm
nvi5y89z,https://podlog.io/?utm_source=s4l&utm_medium=post&utm_campaign=podlog&utm_term=twitter&utm_content=nvi5y89z
wu2ab852,https://podlog.io/?utm_source=s4l&utm_medium=post&utm_campaign=podlog&utm_term=twitter&utm_content=wu2ab852
39remhzp,https://podlog.io/?utm_source=s4l&utm_medium=post&utm_campaign=podlog&utm_term=twitter&utm_content=39remhzp
73kqyxys,https://podlog.io/?utm_source=s4l&utm_medium=post&utm_campaign=podlog&utm_term=twitter&utm_content=73kqyxys
9fvadgjk,https://podlog.io/?utm_source=s4l&utm_medium=post&utm_campaign=podlog&utm_term=twitter&utm_content=9fvadgjk
cx4v8i9t,https://podlog.io/?utm_source=s4l&utm_medium=post&utm_campaign=podlog&utm_term=twitter&utm_content=cx4v8i9t
2u7tyf9y,https://podlog.io/?utm_source=s4l&utm_medium=post&utm_campaign=podlog&utm_term=twitter&utm_content=2u7tyf9y
qf22wy3a,https://podlog.io/?utm_source=s4l&utm_medium=post&utm_campaign=podlog&utm_term=twitter&utm_content=qf22wy3a
em9v8wnd,https://podlog.io/?utm_source=s4l&utm_medium=post&utm_campaign=podlog&utm_term=twitter&utm_content=em9v8wnd
dy5hghf4,https://podlog.io/?utm_source=s4l&utm_medium=post&utm_campaign=podlog&utm_term=twitter&utm_content=dy5hghf4
tw6jsicd,https://podlog.io/?utm_source=s4l&utm_medium=post&utm_campaign=podlog&utm_term=twitter&utm_content=tw6jsicd
n7ktbjd3,https://podlog.io/?utm_source=s4l&utm_medium=post&utm_campaign=podlog&utm_term=twitter&utm_content=n7ktbjd3
efe4cx4q,https://podlog.io/?utm_source=s4l&utm_medium=post&utm_campaign=podlog&utm_term=twitter&utm_content=efe4cx4q
n5asj7j3,https://podlog.io/?utm_source=s4l&utm_medium=post&utm_campaign=podlog&utm_term=twitter&utm_content=n5asj7j3
xp7kz445,https://podlog.io/?utm_source=s4l&utm_medium=post&utm_campaign=podlog&utm_term=twitter&utm_content=xp7kz445
s9hyai7u,https://podlog.io/?utm_source=s4l&utm_medium=post&utm_campaign=podlog&utm_term=twitter&utm_content=s9hyai7u
apbv7ty4,https://podlog.io/?utm_source=s4l&utm_medium=post&utm_campaign=podlog&utm_term=twitter&utm_content=apbv7ty4
rr9rb239,https://podlog.io/?utm_source=s4l&utm_medium=post&utm_campaign=podlog&utm_term=twitter&utm_content=rr9rb239
2frtz9qq,https://podlog.io/?utm_source=s4l&utm_medium=post&utm_campaign=podlog&utm_term=twitter&utm_content=2frtz9qq
vtqbjmfj,https://podlog.io/?utm_source=s4l&utm_medium=post&utm_campaign=podlog&utm_term=twitter&utm_content=vtqbjmfj
6pf9bvrf,https://podlog.io/?utm_source=s4l&utm_medium=post&utm_campaign=podlog&utm_term=twitter&utm_content=6pf9bvrf
cye33acj,https://podlog.io/?utm_source=s4l&utm_medium=post&utm_campaign=podlog&utm_term=twitter&utm_content=cye33acj
ynrgtgps,https://podlog.io/?utm_source=s4l&utm_medium=post&utm_campaign=podlog&utm_term=twitter&utm_content=ynrgtgps
epdd3ua7,https://podlog.io/?utm_source=s4l&utm_medium=post&utm_campaign=podlog&utm_term=twitter&utm_content=epdd3ua7
8ha8jnep,https://podlog.io/?utm_source=s4l&utm_medium=post&utm_campaign=podlog&utm_term=twitter&utm_content=8ha8jnep
asggwth3,https://podlog.io/?utm_source=s4l&utm_medium=post&utm_campaign=podlog&utm_term=twitter&utm_content=asggwth3
5zieswb8,https://podlog.io/?utm_source=s4l&utm_medium=post&utm_campaign=podlog&utm_term=twitter&utm_content=5zieswb8
kj4im9yu,https://podlog.io/?utm_source=s4l&utm_medium=post&utm_campaign=podlog&utm_term=twitter&utm_content=kj4im9yu
48ctktgn,https://podlog.io/?utm_source=s4l&utm_medium=post&utm_campaign=podlog&utm_term=twitter&utm_content=48ctktgn
9d267ubj,https://podlog.io/?utm_source=s4l&utm_medium=post&utm_campaign=podlog&utm_term=twitter&utm_content=9d267ubj
3njncyz7,https://podlog.io/?utm_source=s4l&utm_medium=post&utm_campaign=podlog&utm_term=twitter&utm_content=3njncyz7
tk5tykky,https://podlog.io/?utm_source=s4l&utm_medium=post&utm_campaign=podlog&utm_term=twitter&utm_content=tk5tykky
9bx39xba,https://podlog.io/?utm_source=s4l&utm_medium=post&utm_campaign=podlog&utm_term=twitter&utm_content=9bx39xba
qtxqjjzf,https://podlog.io/?utm_source=s4l&utm_medium=post&utm_campaign=podlog&utm_term=twitter&utm_content=qtxqjjzf
wnxi5th6,https://podlog.io/?utm_source=s4l&utm_medium=post&utm_campaign=podlog&utm_term=twitter&utm_content=wnxi5th6
pjpvrgt8,https://podlog.io/?utm_source=s4l&utm_medium=post&utm_campaign=podlog&utm_term=twitter&utm_content=pjpvrgt8
e9kfqnix,https://podlog.io/?utm_source=s4l&utm_medium=post&utm_campaign=podlog&utm_term=twitter&utm_content=e9kfqnix
dpjn9ef2,https://podlog.io/?utm_source=s4l&utm_medium=post&utm_campaign=podlog&utm_term=twitter&utm_content=dpjn9ef2
u4r8kkcp,https://podlog.io/?utm_source=s4l&utm_medium=post&utm_campaign=podlog&utm_term=twitter&utm_content=u4r8kkcp
u2j82jzk,https://podlog.io/?utm_source=s4l&utm_medium=post&utm_campaign=podlog&utm_term=twitter&utm_content=u2j82jzk
yjkke8nt,https://podlog.io/?utm_source=s4l&utm_medium=post&utm_campaign=podlog&utm_term=twitter&utm_content=yjkke8nt
r7zwge4i,https://podlog.io/?utm_source=s4l&utm_medium=post&utm_campaign=podlog&utm_term=twitter&utm_content=r7zwge4i
py23mz9u,https://podlog.io/?utm_source=s4l&utm_medium=post&utm_campaign=podlog&utm_term=twitter&utm_content=py23mz9u
5qj2xcun,https://podlog.io/?utm_source=s4l&utm_medium=post&utm_campaign=podlog&utm_term=twitter&utm_content=5qj2xcun
c8zf5me4,https://podlog.io/?utm_source=s4l&utm_medium=post&utm_campaign=podlog&utm_term=twitter&utm_content=c8zf5me4
pv2jafi6,https://podlog.io/?utm_source=s4l&utm_medium=post&utm_campaign=podlog&utm_term=twitter&utm_content=pv2jafi6
yy4ih4kh,https://podlog.io/?utm_source=s4l&utm_medium=post&utm_campaign=podlog&utm_term=twitter&utm_content=yy4ih4kh
a4fzdfht,https://podlog.io/?utm_source=s4l&utm_medium=post&utm_campaign=podlog&utm_term=twitter&utm_content=a4fzdfht
dg3x8htt,https://podlog.io/?utm_source=s4l&utm_medium=post&utm_campaign=podlog&utm_term=twitter&utm_content=dg3x8htt
55gsaaky,https://podlog.io/?utm_source=s4l&utm_medium=post&utm_campaign=podlog&utm_term=twitter&utm_content=55gsaaky
h9zktep6,https://podlog.io/?utm_source=s4l&utm_medium=post&utm_campaign=podlog&utm_term=twitter&utm_content=h9zktep6
jfpz587k,https://podlog.io/?utm_source=s4l&utm_medium=post&utm_campaign=podlog&utm_term=twitter&utm_content=jfpz587k
uj96grsq,https://podlog.io/?utm_source=s4l&utm_medium=post&utm_campaign=podlog&utm_term=twitter&utm_content=uj96grsq
69sbaec9,https://podlog.io/?utm_source=s4l&utm_medium=post&utm_campaign=podlog&utm_term=twitter&utm_content=69sbaec9
ept3x7t8,https://podlog.io/?utm_source=s4l&utm_medium=post&utm_campaign=podlog&utm_term=twitter&utm_content=ept3x7t8
wi5kjqaz,https://podlog.io/?utm_source=s4l&utm_medium=post&utm_campaign=podlog&utm_term=twitter&utm_content=wi5kjqaz
jrjmp5zt,https://podlog.io/?utm_source=s4l&utm_medium=post&utm_campaign=podlog&utm_term=twitter&utm_content=jrjmp5zt
hd7rm87c,https://podlog.io/?utm_source=s4l&utm_medium=post&utm_campaign=podlog&utm_term=twitter&utm_content=hd7rm87c
jq5prdek,https://podlog.io/?utm_source=s4l&utm_medium=post&utm_campaign=podlog&utm_term=twitter&utm_content=jq5prdek
qfafsps2,https://podlog.io/?utm_source=s4l&utm_medium=post&utm_campaign=podlog&utm_term=twitter&utm_content=qfafsps2
73mq7fkx,https://podlog.io/?utm_source=s4l&utm_medium=post&utm_campaign=podlog&utm_term=twitter&utm_content=73mq7fkx
54dwz7r5,https://podlog.io/?utm_source=s4l&utm_medium=post&utm_campaign=podlog&utm_term=twitter&utm_content=54dwz7r5
yghnr25n,https://podlog.io/?utm_source=s4l&utm_medium=post&utm_campaign=podlog&utm_term=twitter&utm_content=yghnr25n
88ttx9dh,https://podlog.io/?utm_source=s4l&utm_medium=post&utm_campaign=podlog&utm_term=twitter&utm_content=88ttx9dh
nvgz2jy8,https://podlog.io/?utm_source=s4l&utm_medium=post&utm_campaign=podlog&utm_term=twitter&utm_content=nvgz2jy8
w6b64s8s,https://podlog.io/?utm_source=s4l&utm_medium=post&utm_campaign=podlog&utm_term=twitter&utm_content=w6b64s8s
c25szp8b,https://podlog.io/?utm_source=s4l&utm_medium=post&utm_campaign=podlog&utm_term=twitter&utm_content=c25szp8b
fhvb2tnr,https://podlog.io/?utm_source=s4l&utm_medium=post&utm_campaign=podlog&utm_term=twitter&utm_content=fhvb2tnr
2axi5z33,https://podlog.io/?utm_source=s4l&utm_medium=post&utm_campaign=podlog&utm_term=twitter&utm_content=2axi5z33
ryp6r5wt,https://podlog.io/?utm_source=s4l&utm_medium=post&utm_campaign=podlog&utm_term=twitter&utm_content=ryp6r5wt
qgxb255q,https://podlog.io/?utm_source=s4l&utm_medium=post&utm_campaign=podlog&utm_term=twitter&utm_content=qgxb255q
skijn3dn,https://podlog.io/?utm_source=s4l&utm_medium=post&utm_campaign=podlog&utm_term=twitter&utm_content=skijn3dn
zwknihhy,https://podlog.io/?utm_source=s4l&utm_medium=post&utm_campaign=podlog&utm_term=twitter&utm_content=zwknihhy
kp8th8aq,https://podlog.io/?utm_source=s4l&utm_medium=post&utm_campaign=podlog&utm_term=twitter&utm_content=kp8th8aq
ayad42g4,https://podlog.io/?utm_source=s4l&utm_medium=post&utm_campaign=podlog&utm_term=twitter&utm_content=ayad42g4
2wziux8c,https://podlog.io/?utm_source=s4l&utm_medium=post&utm_campaign=podlog&utm_term=twitter&utm_content=2wziux8c
i9mzdxvm,https://podlog.io/?utm_source=s4l&utm_medium=post&utm_campaign=podlog&utm_term=twitter&utm_content=i9mzdxvm
pxijesuj,https://podlog.io/?utm_source=s4l&utm_medium=post&utm_campaign=podlog&utm_term=twitter&utm_content=pxijesuj
9vpt4rvu,https://podlog.io/?utm_source=s4l&utm_medium=post&utm_campaign=podlog&utm_term=twitter&utm_content=9vpt4rvu
vv22b2qc,https://podlog.io/?utm_source=s4l&utm_medium=post&utm_campaign=podlog&utm_term=twitter&utm_content=vv22b2qc
xgshkmmq,https://podlog.io/?utm_source=s4l&utm_medium=post&utm_campaign=podlog&utm_term=twitter&utm_content=xgshkmmq
wfp6ghq8,https://podlog.io/?utm_source=s4l&utm_medium=post&utm_campaign=podlog&utm_term=twitter&utm_content=wfp6ghq8
mhb7yusp,https://podlog.io/?utm_source=s4l&utm_medium=post&utm_campaign=podlog&utm_term=twitter&utm_content=mhb7yusp
44e6nw3j,https://podlog.io/?utm_source=s4l&utm_medium=post&utm_campaign=podlog&utm_term=twitter&utm_content=44e6nw3j
scv5jaj6,https://podlog.io/?utm_source=s4l&utm_medium=post&utm_campaign=podlog&utm_term=twitter&utm_content=scv5jaj6
jrhq6563,https://podlog.io/?utm_source=s4l&utm_medium=post&utm_campaign=podlog&utm_term=twitter&utm_content=jrhq6563
75y4mbwg,https://podlog.io/?utm_source=s4l&utm_medium=post&utm_campaign=podlog&utm_term=twitter&utm_content=75y4mbwg
n7eegxix,https://podlog.io/?utm_source=s4l&utm_medium=post&utm_campaign=podlog&utm_term=twitter&utm_content=n7eegxix
ddfxi9pn,https://podlog.io/?utm_source=s4l&utm_medium=post&utm_campaign=podlog&utm_term=twitter&utm_content=ddfxi9pn
hzbj2vgh,https://podlog.io/?utm_source=s4l&utm_medium=post&utm_campaign=podlog&utm_term=twitter&utm_content=hzbj2vgh
mwje5cn3,https://podlog.io/?utm_source=s4l&utm_medium=post&utm_campaign=podlog&utm_term=twitter&utm_content=mwje5cn3
27mpcv58,https://podlog.io/?utm_source=s4l&utm_medium=post&utm_campaign=podlog&utm_term=twitter&utm_content=27mpcv58
frrzmsgk,https://podlog.io/?utm_source=s4l&utm_medium=post&utm_campaign=podlog&utm_term=twitter&utm_content=frrzmsgk
hapdd3xc,https://podlog.io/?utm_source=s4l&utm_medium=post&utm_campaign=podlog&utm_term=twitter&utm_content=hapdd3xc
vzun67sm,https://podlog.io/?utm_source=s4l&utm_medium=post&utm_campaign=podlog&utm_term=twitter&utm_content=vzun67sm
7ss2swfz,https://podlog.io/?utm_source=s4l&utm_medium=post&utm_campaign=podlog&utm_term=twitter&utm_content=7ss2swfz
t4h6nbsn,https://podlog.io/?utm_source=s4l&utm_medium=post&utm_campaign=podlog&utm_term=twitter&utm_content=t4h6nbsn
dgci7efx,https://podlog.io/?utm_source=s4l&utm_medium=post&utm_campaign=podlog&utm_term=twitter&utm_content=dgci7efx
pkwun7vs,https://podlog.io/?utm_source=s4l&utm_medium=post&utm_campaign=podlog&utm_term=twitter&utm_content=pkwun7vs
r7nn55u7,https://podlog.io/?utm_source=s4l&utm_medium=post&utm_campaign=podlog&utm_term=twitter&utm_content=r7nn55u7
vtwm569b,https://podlog.io/?utm_source=s4l&utm_medium=post&utm_campaign=podlog&utm_term=twitter&utm_content=vtwm569b
kpzf7ph7,https://podlog.io/?utm_source=s4l&utm_medium=post&utm_campaign=podlog&utm_term=twitter&utm_content=kpzf7ph7
a862qxv4,https://podlog.io/?utm_source=s4l&utm_medium=post&utm_campaign=podlog&utm_term=twitter&utm_content=a862qxv4
2eb6eski,https://podlog.io/?utm_source=s4l&utm_medium=post&utm_campaign=podlog&utm_term=twitter&utm_content=2eb6eski
sghpd7rf,https://podlog.io/?utm_source=s4l&utm_medium=post&utm_campaign=podlog&utm_term=twitter&utm_content=sghpd7rf
chhp25im,https://podlog.io/?utm_source=s4l&utm_medium=post&utm_campaign=podlog&utm_term=twitter&utm_content=chhp25im
whyb6y29,https://podlog.io/?utm_source=s4l&utm_medium=post&utm_campaign=podlog&utm_term=twitter&utm_content=whyb6y29
ek9sxwb6,https://podlog.io/?utm_source=s4l&utm_medium=post&utm_campaign=podlog&utm_term=twitter&utm_content=ek9sxwb6
9asbj9dz,https://podlog.io/?utm_source=s4l&utm_medium=post&utm_campaign=podlog&utm_term=twitter&utm_content=9asbj9dz
2siztqph,https://podlog.io/?utm_source=s4l&utm_medium=post&utm_campaign=podlog&utm_term=twitter&utm_content=2siztqph
j2giipw2,https://podlog.io/?utm_source=s4l&utm_medium=post&utm_campaign=podlog&utm_term=twitter&utm_content=j2giipw2
ktfgh9te,https://podlog.io/?utm_source=s4l&utm_medium=post&utm_campaign=podlog&utm_term=twitter&utm_content=ktfgh9te
quht7cxu,https://podlog.io/?utm_source=s4l&utm_medium=post&utm_campaign=podlog&utm_term=twitter&utm_content=quht7cxu
cn9t44u4,https://podlog.io/?utm_source=s4l&utm_medium=post&utm_campaign=podlog&utm_term=twitter&utm_content=cn9t44u4
eu482n6x,https://podlog.io/?utm_source=s4l&utm_medium=post&utm_campaign=podlog&utm_term=twitter&utm_content=eu482n6x
cdw3fwvn,https://podlog.io/?utm_source=s4l&utm_medium=post&utm_campaign=podlog&utm_term=twitter&utm_content=cdw3fwvn
qq7bgxuj,https://podlog.io/?utm_source=s4l&utm_medium=post&utm_campaign=podlog&utm_term=twitter&utm_content=qq7bgxuj
d362jriv,https://podlog.io/?utm_source=s4l&utm_medium=post&utm_campaign=podlog&utm_term=twitter&utm_content=d362jriv
beivu2c5,https://podlog.io/?utm_source=s4l&utm_medium=post&utm_campaign=podlog&utm_term=twitter&utm_content=beivu2c5
kwrthdq7,https://podlog.io/?utm_source=s4l&utm_medium=post&utm_campaign=podlog&utm_term=twitter&utm_content=kwrthdq7
bsp9ker8,https://podlog.io/?utm_source=s4l&utm_medium=post&utm_campaign=podlog&utm_term=twitter&utm_content=bsp9ker8
q83rgatv,https://podlog.io/?utm_source=s4l&utm_medium=post&utm_campaign=podlog&utm_term=twitter&utm_content=q83rgatv
2isa42rq,https://podlog.io/?utm_source=s4l&utm_medium=post&utm_campaign=podlog&utm_term=twitter&utm_content=2isa42rq
vd9kzzep,https://podlog.io/?utm_source=s4l&utm_medium=post&utm_campaign=podlog&utm_term=twitter&utm_content=vd9kzzep
myuaue35,https://podlog.io/?utm_source=s4l&utm_medium=post&utm_campaign=podlog&utm_term=twitter&utm_content=myuaue35
c893nu5d,https://podlog.io/?utm_source=s4l&utm_medium=post&utm_campaign=podlog&utm_term=twitter&utm_content=c893nu5d
ia495cu6,https://podlog.io/?utm_source=s4l&utm_medium=post&utm_campaign=podlog&utm_term=twitter&utm_content=ia495cu6
7zmx52qr,https://podlog.io/?utm_source=s4l&utm_medium=post&utm_campaign=podlog&utm_term=twitter&utm_content=7zmx52qr
zpnuy4uj,https://podlog.io/?utm_source=s4l&utm_medium=post&utm_campaign=podlog&utm_term=twitter&utm_content=zpnuy4uj
x9fm6x94,https://podlog.io/?utm_source=s4l&utm_medium=post&utm_campaign=podlog&utm_term=twitter&utm_content=x9fm6x94
eseud75m,https://podlog.io/?utm_source=s4l&utm_medium=post&utm_campaign=podlog&utm_term=twitter&utm_content=eseud75m
vitq4muu,https://podlog.io/?utm_source=s4l&utm_medium=post&utm_campaign=podlog&utm_term=twitter&utm_content=vitq4muu
56id3wwj,https://podlog.io/?utm_source=s4l&utm_medium=post&utm_campaign=podlog&utm_term=twitter&utm_content=56id3wwj
4p2bt5pr,https://podlog.io/?utm_source=s4l&utm_medium=post&utm_campaign=podlog&utm_term=twitter&utm_content=4p2bt5pr
33gdmtnc,https://podlog.io/?utm_source=s4l&utm_medium=post&utm_campaign=podlog&utm_term=twitter&utm_content=33gdmtnc
csz5sc2s,https://podlog.io/?utm_source=s4l&utm_medium=post&utm_campaign=podlog&utm_term=twitter&utm_content=csz5sc2s
k26p548f,https://podlog.io/?utm_source=s4l&utm_medium=post&utm_campaign=podlog&utm_term=twitter&utm_content=k26p548f
4swd4pnc,https://podlog.io/?utm_source=s4l&utm_medium=post&utm_campaign=podlog&utm_term=twitter&utm_content=4swd4pnc
dnabmse8,https://podlog.io/?utm_source=s4l&utm_medium=post&utm_campaign=podlog&utm_term=twitter&utm_content=dnabmse8
j4c3ie9a,https://podlog.io/?utm_source=s4l&utm_medium=post&utm_campaign=podlog&utm_term=twitter&utm_content=j4c3ie9a
irr6qxt9,https://podlog.io/?utm_source=s4l&utm_medium=post&utm_campaign=podlog&utm_term=twitter&utm_content=irr6qxt9
fnxnpk8f,https://podlog.io/?utm_source=s4l&utm_medium=post&utm_campaign=podlog&utm_term=twitter&utm_content=fnxnpk8f
suvmuhm2,https://podlog.io/?utm_source=s4l&utm_medium=post&utm_campaign=podlog&utm_term=twitter&utm_content=suvmuhm2
mb7tm9te,https://podlog.io/?utm_source=s4l&utm_medium=post&utm_campaign=podlog&utm_term=twitter&utm_content=mb7tm9te
krpsvbng,https://podlog.io/?utm_source=s4l&utm_medium=post&utm_campaign=podlog&utm_term=twitter&utm_content=krpsvbng
bg4sxwyz,https://podlog.io/?utm_source=s4l&utm_medium=post&utm_campaign=podlog&utm_term=twitter&utm_content=bg4sxwyz
dev7n88x,https://podlog.io/?utm_source=s4l&utm_medium=post&utm_campaign=podlog&utm_term=twitter&utm_content=dev7n88x
sk4yw9dt,https://podlog.io/?utm_source=s4l&utm_medium=post&utm_campaign=podlog&utm_term=twitter&utm_content=sk4yw9dt
ysgisge4,https://podlog.io/?utm_source=s4l&utm_medium=post&utm_campaign=podlog&utm_term=twitter&utm_content=ysgisge4
xnnd66u8,https://podlog.io/?utm_source=s4l&utm_medium=post&utm_campaign=podlog&utm_term=twitter&utm_content=xnnd66u8
rziuxiaa,https://podlog.io/?utm_source=s4l&utm_medium=post&utm_campaign=podlog&utm_term=twitter&utm_content=rziuxiaa
a86pn4bu,https://podlog.io/?utm_source=s4l&utm_medium=post&utm_campaign=podlog&utm_term=twitter&utm_content=a86pn4bu
rdcm2qmp,https://podlog.io/?utm_source=s4l&utm_medium=post&utm_campaign=podlog&utm_term=twitter&utm_content=rdcm2qmp
u8pmegis,https://podlog.io/?utm_source=s4l&utm_medium=post&utm_campaign=podlog&utm_term=twitter&utm_content=u8pmegis
ecdhx55v,https://podlog.io/?utm_source=s4l&utm_medium=post&utm_campaign=podlog&utm_term=twitter&utm_content=ecdhx55v
hxfc7y9x,https://podlog.io/?utm_source=s4l&utm_medium=post&utm_campaign=podlog&utm_term=twitter&utm_content=hxfc7y9x
sddiz9en,https://podlog.io/?utm_source=s4l&utm_medium=post&utm_campaign=podlog&utm_term=twitter&utm_content=sddiz9en
hqsivha4,https://podlog.io/?utm_source=s4l&utm_medium=post&utm_campaign=podlog&utm_term=twitter&utm_content=hqsivha4
w92qx9tj,https://podlog.io/?utm_source=s4l&utm_medium=post&utm_campaign=podlog&utm_term=twitter&utm_content=w92qx9tj
b34abdg2,https://podlog.io/?utm_source=s4l&utm_medium=post&utm_campaign=podlog&utm_term=twitter&utm_content=b34abdg2
59k4u3tz,https://podlog.io/?utm_source=s4l&utm_medium=post&utm_campaign=podlog&utm_term=twitter&utm_content=59k4u3tz
djcrwm3d,https://podlog.io/?utm_source=s4l&utm_medium=post&utm_campaign=podlog&utm_term=twitter&utm_content=djcrwm3d
mg9vwuif,https://podlog.io/?utm_source=s4l&utm_medium=post&utm_campaign=podlog&utm_term=twitter&utm_content=mg9vwuif
bgfz4anx,https://podlog.io/?utm_source=s4l&utm_medium=post&utm_campaign=podlog&utm_term=twitter&utm_content=bgfz4anx
7bkatv8j,https://podlog.io/?utm_source=s4l&utm_medium=post&utm_campaign=podlog&utm_term=twitter&utm_content=7bkatv8j
tspsg62a,https://podlog.io/?utm_source=s4l&utm_medium=post&utm_campaign=podlog&utm_term=twitter&utm_content=tspsg62a
h6cibxbz,https://podlog.io/?utm_source=s4l&utm_medium=post&utm_campaign=podlog&utm_term=twitter&utm_content=h6cibxbz
fktpkuj7,https://podlog.io/?utm_source=s4l&utm_medium=post&utm_campaign=podlog&utm_term=twitter&utm_content=fktpkuj7
5t5sagpk,https://podlog.io/?utm_source=s4l&utm_medium=post&utm_campaign=podlog&utm_term=twitter&utm_content=5t5sagpk
dxnhdtsz,https://podlog.io/?utm_source=s4l&utm_medium=post&utm_campaign=podlog&utm_term=twitter&utm_content=dxnhdtsz
8kdkwgea,https://podlog.io/?utm_source=s4l&utm_medium=post&utm_campaign=podlog&utm_term=twitter&utm_content=8kdkwgea
438ze23h,https://podlog.io/?utm_source=s4l&utm_medium=post&utm_campaign=podlog&utm_term=twitter&utm_content=438ze23h
9berrkbp,https://podlog.io/?utm_source=s4l&utm_medium=post&utm_campaign=podlog&utm_term=twitter&utm_content=9berrkbp
2cwsxkaf,https://podlog.io/?utm_source=s4l&utm_medium=post&utm_campaign=podlog&utm_term=twitter&utm_content=2cwsxkaf
mshjd4u5,https://podlog.io/?utm_source=s4l&utm_medium=post&utm_campaign=podlog&utm_term=twitter&utm_content=mshjd4u5
yic3z5sp,https://podlog.io/?utm_source=s4l&utm_medium=post&utm_campaign=podlog&utm_term=twitter&utm_content=yic3z5sp
fnqrsqdb,https://podlog.io/how-it-works?utm_source=s4l&utm_medium=post&utm_campaign=podlog&utm_term=twitter&utm_content=fnqrsqdb
vqcn6xgy,https://podlog.io/how-it-works?utm_source=s4l&utm_medium=post&utm_campaign=podlog&utm_term=twitter&utm_content=vqcn6xgy
fdm7knsr,https://podlog.io/how-it-works?utm_source=s4l&utm_medium=post&utm_campaign=podlog&utm_term=twitter&utm_content=fdm7knsr
52tgf5d7,https://podlog.io/how-it-works?utm_source=s4l&utm_medium=post&utm_campaign=podlog&utm_term=twitter&utm_content=52tgf5d7
buj4b92z,https://podlog.io/how-it-works?utm_source=s4l&utm_medium=post&utm_campaign=podlog&utm_term=twitter&utm_content=buj4b92z
zhptvyxp,https://podlog.io/how-it-works?utm_source=s4l&utm_medium=post&utm_campaign=podlog&utm_term=twitter&utm_content=zhptvyxp
erufbzpg,https://podlog.io/how-it-works?utm_source=s4l&utm_medium=post&utm_campaign=podlog&utm_term=twitter&utm_content=erufbzpg
vepifjnk,https://podlog.io/how-it-works?utm_source=s4l&utm_medium=post&utm_campaign=podlog&utm_term=twitter&utm_content=vepifjnk
nxtjg536,https://podlog.io/how-it-works?utm_source=s4l&utm_medium=post&utm_campaign=podlog&utm_term=twitter&utm_content=nxtjg536
tcnnf5fv,https://podlog.io/how-it-works?utm_source=s4l&utm_medium=post&utm_campaign=podlog&utm_term=twitter&utm_content=tcnnf5fv
t28cpvbm,https://podlog.io/how-it-works?utm_source=s4l&utm_medium=post&utm_campaign=podlog&utm_term=twitter&utm_content=t28cpvbm
wczcdjnk,https://podlog.io/how-it-works?utm_source=s4l&utm_medium=post&utm_campaign=podlog&utm_term=twitter&utm_content=wczcdjnk
hms4476z,https://podlog.io/how-it-works?utm_source=s4l&utm_medium=post&utm_campaign=podlog&utm_term=twitter&utm_content=hms4476z
cwrcqs3u,https://podlog.io/how-it-works?utm_source=s4l&utm_medium=post&utm_campaign=podlog&utm_term=twitter&utm_content=cwrcqs3u
5hwfb7zf,https://podlog.io/how-it-works?utm_source=s4l&utm_medium=post&utm_campaign=podlog&utm_term=twitter&utm_content=5hwfb7zf
h5we4nkz,https://podlog.io/how-it-works?utm_source=s4l&utm_medium=post&utm_campaign=podlog&utm_term=twitter&utm_content=h5we4nkz
dq7uxp2e,https://podlog.io/how-it-works?utm_source=s4l&utm_medium=post&utm_campaign=podlog&utm_term=twitter&utm_content=dq7uxp2e
erb9aaeb,https://podlog.io/how-it-works?utm_source=s4l&utm_medium=post&utm_campaign=podlog&utm_term=twitter&utm_content=erb9aaeb
vx654fbj,https://podlog.io/how-it-works?utm_source=s4l&utm_medium=post&utm_campaign=podlog&utm_term=twitter&utm_content=vx654fbj
rk5dd9ui,https://podlog.io/how-it-works?utm_source=s4l&utm_medium=post&utm_campaign=podlog&utm_term=twitter&utm_content=rk5dd9ui
mf7k3ak3,https://podlog.io/how-it-works?utm_source=s4l&utm_medium=post&utm_campaign=podlog&utm_term=twitter&utm_content=mf7k3ak3
3bpeke4v,https://podlog.io/how-it-works?utm_source=s4l&utm_medium=post&utm_campaign=podlog&utm_term=twitter&utm_content=3bpeke4v
q8zbxh7k,https://podlog.io/how-it-works?utm_source=s4l&utm_medium=post&utm_campaign=podlog&utm_term=twitter&utm_content=q8zbxh7k
mttr9qrq,https://podlog.io/how-it-works?utm_source=s4l&utm_medium=post&utm_campaign=podlog&utm_term=twitter&utm_content=mttr9qrq
4nac4j87,https://podlog.io/how-it-works?utm_source=s4l&utm_medium=post&utm_campaign=podlog&utm_term=twitter&utm_content=4nac4j87
c358nv75,https://podlog.io/how-it-works?utm_source=s4l&utm_medium=post&utm_campaign=podlog&utm_term=twitter&utm_content=c358nv75
dcftxktq,https://podlog.io/how-it-works?utm_source=s4l&utm_medium=post&utm_campaign=podlog&utm_term=twitter&utm_content=dcftxktq
xeaafqux,https://podlog.io/how-it-works?utm_source=s4l&utm_medium=post&utm_campaign=podlog&utm_term=twitter&utm_content=xeaafqux
wvqwgenr,https://podlog.io/how-it-works?utm_source=s4l&utm_medium=post&utm_campaign=podlog&utm_term=twitter&utm_content=wvqwgenr
wbykc47a,https://podlog.io/how-it-works?utm_source=s4l&utm_medium=post&utm_campaign=podlog&utm_term=twitter&utm_content=wbykc47a
ey9qm9rm,https://podlog.io/how-it-works?utm_source=s4l&utm_medium=post&utm_campaign=podlog&utm_term=twitter&utm_content=ey9qm9rm
tn95vvhv,https://podlog.io/how-it-works?utm_source=s4l&utm_medium=post&utm_campaign=podlog&utm_term=twitter&utm_content=tn95vvhv
xe3pb5fc,https://podlog.io/how-it-works?utm_source=s4l&utm_medium=post&utm_campaign=podlog&utm_term=twitter&utm_content=xe3pb5fc
jzgrgcu7,https://podlog.io/how-it-works?utm_source=s4l&utm_medium=post&utm_campaign=podlog&utm_term=twitter&utm_content=jzgrgcu7
ytht5qxr,https://podlog.io/how-it-works?utm_source=s4l&utm_medium=post&utm_campaign=podlog&utm_term=twitter&utm_content=ytht5qxr
q8gga3ks,https://podlog.io/how-it-works?utm_source=s4l&utm_medium=post&utm_campaign=podlog&utm_term=twitter&utm_content=q8gga3ks
ykkpy5fd,https://podlog.io/how-it-works?utm_source=s4l&utm_medium=post&utm_campaign=podlog&utm_term=twitter&utm_content=ykkpy5fd
zcxmcjyr,https://podlog.io/how-it-works?utm_source=s4l&utm_medium=post&utm_campaign=podlog&utm_term=twitter&utm_content=zcxmcjyr
uc6ba469,https://podlog.io/how-it-works?utm_source=s4l&utm_medium=post&utm_campaign=podlog&utm_term=twitter&utm_content=uc6ba469
g4ax98di,https://podlog.io/how-it-works?utm_source=s4l&utm_medium=post&utm_campaign=podlog&utm_term=twitter&utm_content=g4ax98di
f35ccgdn,https://podlog.io/how-it-works?utm_source=s4l&utm_medium=post&utm_campaign=podlog&utm_term=twitter&utm_content=f35ccgdn
5apvybve,https://podlog.io/how-it-works?utm_source=s4l&utm_medium=post&utm_campaign=podlog&utm_term=twitter&utm_content=5apvybve
zaes7gcc,https://podlog.io/how-it-works?utm_source=s4l&utm_medium=post&utm_campaign=podlog&utm_term=twitter&utm_content=zaes7gcc
37p89xwi,https://podlog.io/how-it-works?utm_source=s4l&utm_medium=post&utm_campaign=podlog&utm_term=twitter&utm_content=37p89xwi
b2wnd36c,https://podlog.io/how-it-works?utm_source=s4l&utm_medium=post&utm_campaign=podlog&utm_term=twitter&utm_content=b2wnd36c
h5pvtqzz,https://podlog.io/how-it-works?utm_source=s4l&utm_medium=post&utm_campaign=podlog&utm_term=twitter&utm_content=h5pvtqzz
knufsz3p,https://podlog.io/how-it-works?utm_source=s4l&utm_medium=post&utm_campaign=podlog&utm_term=twitter&utm_content=knufsz3p
vtc42avi,https://podlog.io/how-it-works?utm_source=s4l&utm_medium=post&utm_campaign=podlog&utm_term=twitter&utm_content=vtc42avi
bwhyuwpb,https://podlog.io/how-it-works?utm_source=s4l&utm_medium=post&utm_campaign=podlog&utm_term=twitter&utm_content=bwhyuwpb
yi2sz28n,https://podlog.io/how-it-works?utm_source=s4l&utm_medium=post&utm_campaign=podlog&utm_term=twitter&utm_content=yi2sz28n
7wyxyx3i,https://podlog.io/how-it-works?utm_source=s4l&utm_medium=post&utm_campaign=podlog&utm_term=twitter&utm_content=7wyxyx3i
65dzqvnn,https://podlog.io/how-it-works?utm_source=s4l&utm_medium=post&utm_campaign=podlog&utm_term=twitter&utm_content=65dzqvnn
zutsadjz,https://podlog.io/how-it-works?utm_source=s4l&utm_medium=post&utm_campaign=podlog&utm_term=twitter&utm_content=zutsadjz
dhyn54ga,https://podlog.io/how-it-works?utm_source=s4l&utm_medium=post&utm_campaign=podlog&utm_term=twitter&utm_content=dhyn54ga
q6tzsakv,https://podlog.io/how-it-works?utm_source=s4l&utm_medium=post&utm_campaign=podlog&utm_term=twitter&utm_content=q6tzsakv
7cfuhxng,https://podlog.io/how-it-works?utm_source=s4l&utm_medium=post&utm_campaign=podlog&utm_term=twitter&utm_content=7cfuhxng
zgb4sfcj,https://podlog.io/how-it-works?utm_source=s4l&utm_medium=post&utm_campaign=podlog&utm_term=twitter&utm_content=zgb4sfcj
i4q3sisb,https://podlog.io/how-it-works?utm_source=s4l&utm_medium=post&utm_campaign=podlog&utm_term=twitter&utm_content=i4q3sisb
nh65unvy,https://podlog.io/how-it-works?utm_source=s4l&utm_medium=post&utm_campaign=podlog&utm_term=twitter&utm_content=nh65unvy
zn87uxim,https://podlog.io/how-it-works?utm_source=s4l&utm_medium=post&utm_campaign=podlog&utm_term=twitter&utm_content=zn87uxim
euheuvn6,https://podlog.io/how-it-works?utm_source=s4l&utm_medium=post&utm_campaign=podlog&utm_term=twitter&utm_content=euheuvn6
csyb7k4w,https://podlog.io/how-it-works?utm_source=s4l&utm_medium=post&utm_campaign=podlog&utm_term=twitter&utm_content=csyb7k4w
627jmf6b,https://podlog.io/how-it-works?utm_source=s4l&utm_medium=post&utm_campaign=podlog&utm_term=twitter&utm_content=627jmf6b
stbtwrrv,https://podlog.io/how-it-works?utm_source=s4l&utm_medium=post&utm_campaign=podlog&utm_term=twitter&utm_content=stbtwrrv
5ivd65tv,https://podlog.io/how-it-works?utm_source=s4l&utm_medium=post&utm_campaign=podlog&utm_term=twitter&utm_content=5ivd65tv
bwyy3qg6,https://podlog.io/how-it-works?utm_source=s4l&utm_medium=post&utm_campaign=podlog&utm_term=twitter&utm_content=bwyy3qg6
esmdc5m9,https://podlog.io/how-it-works?utm_source=s4l&utm_medium=post&utm_campaign=podlog&utm_term=twitter&utm_content=esmdc5m9
tw93efzc,https://podlog.io/how-it-works?utm_source=s4l&utm_medium=post&utm_campaign=podlog&utm_term=twitter&utm_content=tw93efzc
759up5pu,https://podlog.io/how-it-works?utm_source=s4l&utm_medium=post&utm_campaign=podlog&utm_term=twitter&utm_content=759up5pu
j44dyvvb,https://podlog.io/how-it-works?utm_source=s4l&utm_medium=post&utm_campaign=podlog&utm_term=twitter&utm_content=j44dyvvb
daabx2fu,https://podlog.io/how-it-works?utm_source=s4l&utm_medium=post&utm_campaign=podlog&utm_term=twitter&utm_content=daabx2fu
pddvptpg,https://podlog.io/how-it-works?utm_source=s4l&utm_medium=post&utm_campaign=podlog&utm_term=twitter&utm_content=pddvptpg
n2hixgus,https://podlog.io/how-it-works?utm_source=s4l&utm_medium=post&utm_campaign=podlog&utm_term=twitter&utm_content=n2hixgus
b7ma533d,https://podlog.io/how-it-works?utm_source=s4l&utm_medium=post&utm_campaign=podlog&utm_term=twitter&utm_content=b7ma533d
ywckrjp6,https://podlog.io/how-it-works?utm_source=s4l&utm_medium=post&utm_campaign=podlog&utm_term=twitter&utm_content=ywckrjp6
k6p2ickk,https://podlog.io/explore?utm_source=s4l&utm_medium=post&utm_campaign=podlog&utm_term=twitter&utm_content=k6p2ickk
s8rqayyh,https://podlog.io/explore?utm_source=s4l&utm_medium=post&utm_campaign=podlog&utm_term=twitter&utm_content=s8rqayyh
93zqcqii,https://podlog.io/explore?utm_source=s4l&utm_medium=post&utm_campaign=podlog&utm_term=twitter&utm_content=93zqcqii
mdsxetzd,https://podlog.io/explore?utm_source=s4l&utm_medium=post&utm_campaign=podlog&utm_term=twitter&utm_content=mdsxetzd
86v7vxcz,https://podlog.io/explore?utm_source=s4l&utm_medium=post&utm_campaign=podlog&utm_term=twitter&utm_content=86v7vxcz
6rsxuwm2,https://podlog.io/explore?utm_source=s4l&utm_medium=post&utm_campaign=podlog&utm_term=twitter&utm_content=6rsxuwm2
73qn9c3q,https://podlog.io/explore?utm_source=s4l&utm_medium=post&utm_campaign=podlog&utm_term=twitter&utm_content=73qn9c3q
7a6vrea5,https://podlog.io/explore?utm_source=s4l&utm_medium=post&utm_campaign=podlog&utm_term=twitter&utm_content=7a6vrea5
7aswcj3k,https://podlog.io/explore?utm_source=s4l&utm_medium=post&utm_campaign=podlog&utm_term=twitter&utm_content=7aswcj3k
5bz3e9y2,https://podlog.io/explore?utm_source=s4l&utm_medium=post&utm_campaign=podlog&utm_term=twitter&utm_content=5bz3e9y2
fz53jx6e,https://podlog.io/explore?utm_source=s4l&utm_medium=post&utm_campaign=podlog&utm_term=twitter&utm_content=fz53jx6e
qump2fv2,https://podlog.io/explore?utm_source=s4l&utm_medium=post&utm_campaign=podlog&utm_term=twitter&utm_content=qump2fv2
wf9nps6x,https://podlog.io/explore?utm_source=s4l&utm_medium=post&utm_campaign=podlog&utm_term=twitter&utm_content=wf9nps6x
3dswf259,https://podlog.io/explore?utm_source=s4l&utm_medium=post&utm_campaign=podlog&utm_term=twitter&utm_content=3dswf259
ih6aph99,https://podlog.io/explore?utm_source=s4l&utm_medium=post&utm_campaign=podlog&utm_term=twitter&utm_content=ih6aph99
b2sst2xs,https://podlog.io/explore?utm_source=s4l&utm_medium=post&utm_campaign=podlog&utm_term=twitter&utm_content=b2sst2xs
purdn9iy,https://podlog.io/explore?utm_source=s4l&utm_medium=post&utm_campaign=podlog&utm_term=twitter&utm_content=purdn9iy
nqjvfauj,https://podlog.io/explore?utm_source=s4l&utm_medium=post&utm_campaign=podlog&utm_term=twitter&utm_content=nqjvfauj
6qvdd2c5,https://podlog.io/explore?utm_source=s4l&utm_medium=post&utm_campaign=podlog&utm_term=twitter&utm_content=6qvdd2c5
i4xqkabm,https://podlog.io/explore?utm_source=s4l&utm_medium=post&utm_campaign=podlog&utm_term=twitter&utm_content=i4xqkabm
b8g55b7d,https://podlog.io/explore?utm_source=s4l&utm_medium=post&utm_campaign=podlog&utm_term=twitter&utm_content=b8g55b7d
m7nts2gj,https://podlog.io/explore?utm_source=s4l&utm_medium=post&utm_campaign=podlog&utm_term=twitter&utm_content=m7nts2gj
6gik38nk,https://podlog.io/explore?utm_source=s4l&utm_medium=post&utm_campaign=podlog&utm_term=twitter&utm_content=6gik38nk
ek7rmh77,https://podlog.io/explore?utm_source=s4l&utm_medium=post&utm_campaign=podlog&utm_term=twitter&utm_content=ek7rmh77
her3xjnm,https://podlog.io/explore?utm_source=s4l&utm_medium=post&utm_campaign=podlog&utm_term=twitter&utm_content=her3xjnm
9paupns8,https://podlog.io/explore?utm_source=s4l&utm_medium=post&utm_campaign=podlog&utm_term=twitter&utm_content=9paupns8
j4qjp74k,https://podlog.io/explore?utm_source=s4l&utm_medium=post&utm_campaign=podlog&utm_term=twitter&utm_content=j4qjp74k
ne94tv4n,https://podlog.io/explore?utm_source=s4l&utm_medium=post&utm_campaign=podlog&utm_term=twitter&utm_content=ne94tv4n
deyg59sg,https://podlog.io/explore?utm_source=s4l&utm_medium=post&utm_campaign=podlog&utm_term=twitter&utm_content=deyg59sg
9mvfmdnt,https://podlog.io/explore?utm_source=s4l&utm_medium=post&utm_campaign=podlog&utm_term=twitter&utm_content=9mvfmdnt
xfsisfsd,https://podlog.io/explore?utm_source=s4l&utm_medium=post&utm_campaign=podlog&utm_term=twitter&utm_content=xfsisfsd
ihzgbcuc,https://podlog.io/explore?utm_source=s4l&utm_medium=post&utm_campaign=podlog&utm_term=twitter&utm_content=ihzgbcuc
f87h4eyw,https://podlog.io/explore?utm_source=s4l&utm_medium=post&utm_campaign=podlog&utm_term=twitter&utm_content=f87h4eyw
b52xhs87,https://podlog.io/explore?utm_source=s4l&utm_medium=post&utm_campaign=podlog&utm_term=twitter&utm_content=b52xhs87
38m43fry,https://podlog.io/explore?utm_source=s4l&utm_medium=post&utm_campaign=podlog&utm_term=twitter&utm_content=38m43fry
6ac3dta2,https://podlog.io/explore?utm_source=s4l&utm_medium=post&utm_campaign=podlog&utm_term=twitter&utm_content=6ac3dta2
27bxbbdy,https://podlog.io/explore?utm_source=s4l&utm_medium=post&utm_campaign=podlog&utm_term=twitter&utm_content=27bxbbdy
izqv9ruj,https://podlog.io/explore?utm_source=s4l&utm_medium=post&utm_campaign=podlog&utm_term=twitter&utm_content=izqv9ruj
868ezrei,https://podlog.io/explore?utm_source=s4l&utm_medium=post&utm_campaign=podlog&utm_term=twitter&utm_content=868ezrei
pr57u4c4,https://podlog.io/explore?utm_source=s4l&utm_medium=post&utm_campaign=podlog&utm_term=twitter&utm_content=pr57u4c4
9s7nyrh8,https://podlog.io/explore?utm_source=s4l&utm_medium=post&utm_campaign=podlog&utm_term=twitter&utm_content=9s7nyrh8
rz3gmqm6,https://podlog.io/explore?utm_source=s4l&utm_medium=post&utm_campaign=podlog&utm_term=twitter&utm_content=rz3gmqm6
sq5hmi84,https://podlog.io/explore?utm_source=s4l&utm_medium=post&utm_campaign=podlog&utm_term=twitter&utm_content=sq5hmi84
njzun5km,https://podlog.io/explore?utm_source=s4l&utm_medium=post&utm_campaign=podlog&utm_term=twitter&utm_content=njzun5km
jmw66yqm,https://podlog.io/explore?utm_source=s4l&utm_medium=post&utm_campaign=podlog&utm_term=twitter&utm_content=jmw66yqm
eijwt4gw,https://podlog.io/explore?utm_source=s4l&utm_medium=post&utm_campaign=podlog&utm_term=twitter&utm_content=eijwt4gw
t5zup7jd,https://podlog.io/explore?utm_source=s4l&utm_medium=post&utm_campaign=podlog&utm_term=twitter&utm_content=t5zup7jd
wbb29cih,https://podlog.io/explore?utm_source=s4l&utm_medium=post&utm_campaign=podlog&utm_term=twitter&utm_content=wbb29cih
u2eaqr78,https://podlog.io/explore?utm_source=s4l&utm_medium=post&utm_campaign=podlog&utm_term=twitter&utm_content=u2eaqr78
ucnuam8m,https://podlog.io/explore?utm_source=s4l&utm_medium=post&utm_campaign=podlog&utm_term=twitter&utm_content=ucnuam8m
43v834uw,https://podlog.io/explore?utm_source=s4l&utm_medium=post&utm_campaign=podlog&utm_term=twitter&utm_content=43v834uw
uwd2hg7x,https://podlog.io/explore?utm_source=s4l&utm_medium=post&utm_campaign=podlog&utm_term=twitter&utm_content=uwd2hg7x
gtnxekxw,https://podlog.io/explore?utm_source=s4l&utm_medium=post&utm_campaign=podlog&utm_term=twitter&utm_content=gtnxekxw
h9d9paq7,https://podlog.io/explore?utm_source=s4l&utm_medium=post&utm_campaign=podlog&utm_term=twitter&utm_content=h9d9paq7
m46ha4as,https://podlog.io/explore?utm_source=s4l&utm_medium=post&utm_campaign=podlog&utm_term=twitter&utm_content=m46ha4as
i5ckujkd,https://podlog.io/explore?utm_source=s4l&utm_medium=post&utm_campaign=podlog&utm_term=twitter&utm_content=i5ckujkd
wummgr7i,https://podlog.io/explore?utm_source=s4l&utm_medium=post&utm_campaign=podlog&utm_term=twitter&utm_content=wummgr7i
ewk383u4,https://podlog.io/explore?utm_source=s4l&utm_medium=post&utm_campaign=podlog&utm_term=twitter&utm_content=ewk383u4
ewd8prbc,https://podlog.io/explore?utm_source=s4l&utm_medium=post&utm_campaign=podlog&utm_term=twitter&utm_content=ewd8prbc
9iabzkyq,https://podlog.io/explore?utm_source=s4l&utm_medium=post&utm_campaign=podlog&utm_term=twitter&utm_content=9iabzkyq
ksqjgbbw,https://podlog.io/explore?utm_source=s4l&utm_medium=post&utm_campaign=podlog&utm_term=twitter&utm_content=ksqjgbbw
gc3a7e6c,https://podlog.io/explore?utm_source=s4l&utm_medium=post&utm_campaign=podlog&utm_term=twitter&utm_content=gc3a7e6c
jpj4dxvu,https://podlog.io/explore?utm_source=s4l&utm_medium=post&utm_campaign=podlog&utm_term=twitter&utm_content=jpj4dxvu
xpujbig5,https://podlog.io/explore?utm_source=s4l&utm_medium=post&utm_campaign=podlog&utm_term=twitter&utm_content=xpujbig5
83tdvfa8,https://podlog.io/explore?utm_source=s4l&utm_medium=post&utm_campaign=podlog&utm_term=twitter&utm_content=83tdvfa8
hididmen,https://podlog.io/explore?utm_source=s4l&utm_medium=post&utm_campaign=podlog&utm_term=twitter&utm_content=hididmen
yvnx8dzu,https://podlog.io/explore?utm_source=s4l&utm_medium=post&utm_campaign=podlog&utm_term=twitter&utm_content=yvnx8dzu
dphk7ixb,https://podlog.io/explore?utm_source=s4l&utm_medium=post&utm_campaign=podlog&utm_term=twitter&utm_content=dphk7ixb
i4t6s7am,https://podlog.io/explore?utm_source=s4l&utm_medium=post&utm_campaign=podlog&utm_term=twitter&utm_content=i4t6s7am
z3q7evmp,https://podlog.io/explore?utm_source=s4l&utm_medium=post&utm_campaign=podlog&utm_term=twitter&utm_content=z3q7evmp
3a3yhazp,https://podlog.io/explore?utm_source=s4l&utm_medium=post&utm_campaign=podlog&utm_term=twitter&utm_content=3a3yhazp
2mrixspr,https://podlog.io/explore?utm_source=s4l&utm_medium=post&utm_campaign=podlog&utm_term=twitter&utm_content=2mrixspr
bntznniv,https://podlog.io/explore?utm_source=s4l&utm_medium=post&utm_campaign=podlog&utm_term=twitter&utm_content=bntznniv
x7e93nz3,https://podlog.io/explore?utm_source=s4l&utm_medium=post&utm_campaign=podlog&utm_term=twitter&utm_content=x7e93nz3
jye6enh5,https://podlog.io/explore?utm_source=s4l&utm_medium=post&utm_campaign=podlog&utm_term=twitter&utm_content=jye6enh5
jxtnstk5,https://podlog.io/features?utm_source=s4l&utm_medium=post&utm_campaign=podlog&utm_term=twitter&utm_content=jxtnstk5
em42gsu6,https://podlog.io/features?utm_source=s4l&utm_medium=post&utm_campaign=podlog&utm_term=twitter&utm_content=em42gsu6
ivzsq3bu,https://podlog.io/features?utm_source=s4l&utm_medium=post&utm_campaign=podlog&utm_term=twitter&utm_content=ivzsq3bu
rqsg8mg7,https://podlog.io/features?utm_source=s4l&utm_medium=post&utm_campaign=podlog&utm_term=twitter&utm_content=rqsg8mg7
ux4fi5n5,https://podlog.io/features?utm_source=s4l&utm_medium=post&utm_campaign=podlog&utm_term=twitter&utm_content=ux4fi5n5
4up92n9h,https://podlog.io/features?utm_source=s4l&utm_medium=post&utm_campaign=podlog&utm_term=twitter&utm_content=4up92n9h
8i99whdr,https://podlog.io/features?utm_source=s4l&utm_medium=post&utm_campaign=podlog&utm_term=twitter&utm_content=8i99whdr
ywmwtd9a,https://podlog.io/features?utm_source=s4l&utm_medium=post&utm_campaign=podlog&utm_term=twitter&utm_content=ywmwtd9a
2fce38xm,https://podlog.io/features?utm_source=s4l&utm_medium=post&utm_campaign=podlog&utm_term=twitter&utm_content=2fce38xm
nx26u44b,https://podlog.io/features?utm_source=s4l&utm_medium=post&utm_campaign=podlog&utm_term=twitter&utm_content=nx26u44b
b2v4zpt2,https://podlog.io/features?utm_source=s4l&utm_medium=post&utm_campaign=podlog&utm_term=twitter&utm_content=b2v4zpt2
35jm4582,https://podlog.io/features?utm_source=s4l&utm_medium=post&utm_campaign=podlog&utm_term=twitter&utm_content=35jm4582
bjfyac7r,https://podlog.io/features?utm_source=s4l&utm_medium=post&utm_campaign=podlog&utm_term=twitter&utm_content=bjfyac7r
d9vvpbnc,https://podlog.io/features?utm_source=s4l&utm_medium=post&utm_campaign=podlog&utm_term=twitter&utm_content=d9vvpbnc
8uagk7pv,https://podlog.io/features?utm_source=s4l&utm_medium=post&utm_campaign=podlog&utm_term=twitter&utm_content=8uagk7pv
wu99t3da,https://podlog.io/features?utm_source=s4l&utm_medium=post&utm_campaign=podlog&utm_term=twitter&utm_content=wu99t3da
jp4nrniq,https://podlog.io/features?utm_source=s4l&utm_medium=post&utm_campaign=podlog&utm_term=twitter&utm_content=jp4nrniq
sf585jh9,https://podlog.io/features?utm_source=s4l&utm_medium=post&utm_campaign=podlog&utm_term=twitter&utm_content=sf585jh9
hifxi6f5,https://podlog.io/features?utm_source=s4l&utm_medium=post&utm_campaign=podlog&utm_term=twitter&utm_content=hifxi6f5
7d5vs4ya,https://podlog.io/features?utm_source=s4l&utm_medium=post&utm_campaign=podlog&utm_term=twitter&utm_content=7d5vs4ya
q4ybw3bk,https://podlog.io/features?utm_source=s4l&utm_medium=post&utm_campaign=podlog&utm_term=twitter&utm_content=q4ybw3bk
7jedyesb,https://podlog.io/features?utm_source=s4l&utm_medium=post&utm_campaign=podlog&utm_term=twitter&utm_content=7jedyesb
yuvuaizw,https://podlog.io/features?utm_source=s4l&utm_medium=post&utm_campaign=podlog&utm_term=twitter&utm_content=yuvuaizw
wadhrca3,https://podlog.io/features?utm_source=s4l&utm_medium=post&utm_campaign=podlog&utm_term=twitter&utm_content=wadhrca3
cvcckvcp,https://podlog.io/features?utm_source=s4l&utm_medium=post&utm_campaign=podlog&utm_term=twitter&utm_content=cvcckvcp
hz5w7bkq,https://podlog.io/pricing?utm_source=s4l&utm_medium=post&utm_campaign=podlog&utm_term=twitter&utm_content=hz5w7bkq
t2sd9mch,https://podlog.io/pricing?utm_source=s4l&utm_medium=post&utm_campaign=podlog&utm_term=twitter&utm_content=t2sd9mch
u8eh5hr4,https://podlog.io/pricing?utm_source=s4l&utm_medium=post&utm_campaign=podlog&utm_term=twitter&utm_content=u8eh5hr4
vq6bc4nn,https://podlog.io/pricing?utm_source=s4l&utm_medium=post&utm_campaign=podlog&utm_term=twitter&utm_content=vq6bc4nn
aktbfste,https://podlog.io/pricing?utm_source=s4l&utm_medium=post&utm_campaign=podlog&utm_term=twitter&utm_content=aktbfste
hv73rdku,https://podlog.io/pricing?utm_source=s4l&utm_medium=post&utm_campaign=podlog&utm_term=twitter&utm_content=hv73rdku
xj24huac,https://podlog.io/pricing?utm_source=s4l&utm_medium=post&utm_campaign=podlog&utm_term=twitter&utm_content=xj24huac
aznyiptm,https://podlog.io/pricing?utm_source=s4l&utm_medium=post&utm_campaign=podlog&utm_term=twitter&utm_content=aznyiptm
wjfwugzq,https://podlog.io/pricing?utm_source=s4l&utm_medium=post&utm_campaign=podlog&utm_term=twitter&utm_content=wjfwugzq
7xmwmprm,https://podlog.io/pricing?utm_source=s4l&utm_medium=post&utm_campaign=podlog&utm_term=twitter&utm_content=7xmwmprm
8yaaiuse,https://podlog.io/pricing?utm_source=s4l&utm_medium=post&utm_campaign=podlog&utm_term=twitter&utm_content=8yaaiuse
q92guaea,https://podlog.io/pricing?utm_source=s4l&utm_medium=post&utm_campaign=podlog&utm_term=twitter&utm_content=q92guaea
rwv8jr34,https://podlog.io/pricing?utm_source=s4l&utm_medium=post&utm_campaign=podlog&utm_term=twitter&utm_content=rwv8jr34
mh5f7tiw,https://podlog.io/pricing?utm_source=s4l&utm_medium=post&utm_campaign=podlog&utm_term=twitter&utm_content=mh5f7tiw
tdzwawtt,https://podlog.io/pricing?utm_source=s4l&utm_medium=post&utm_campaign=podlog&utm_term=twitter&utm_content=tdzwawtt
yzcyacq3,https://podlog.io/listen/kubernetes-96a14974?utm_source=s4l&utm_medium=post&utm_campaign=podlog&utm_term=twitter&utm_content=yzcyacq3
fqcibnww,https://podlog.io/listen/kubernetes-96a14974?utm_source=s4l&utm_medium=post&utm_campaign=podlog&utm_term=twitter&utm_content=fqcibnww
juucd58r,https://podlog.io/listen/kubernetes-96a14974?utm_source=s4l&utm_medium=post&utm_campaign=podlog&utm_term=twitter&utm_content=juucd58r
emc4ftu2,https://podlog.io/listen/kubernetes-96a14974?utm_source=s4l&utm_medium=post&utm_campaign=podlog&utm_term=twitter&utm_content=emc4ftu2
d7ef5eav,https://podlog.io/listen/kubernetes-96a14974?utm_source=s4l&utm_medium=post&utm_campaign=podlog&utm_term=twitter&utm_content=d7ef5eav
6ppza6mn,https://podlog.io/listen/kubernetes-96a14974?utm_source=s4l&utm_medium=post&utm_campaign=podlog&utm_term=twitter&utm_content=6ppza6mn
yc5xmwvt,https://podlog.io/listen/kubernetes-96a14974?utm_source=s4l&utm_medium=post&utm_campaign=podlog&utm_term=twitter&utm_content=yc5xmwvt
a2frgm33,https://podlog.io/listen/kubernetes-96a14974?utm_source=s4l&utm_medium=post&utm_campaign=podlog&utm_term=twitter&utm_content=a2frgm33
925quh9z,https://podlog.io/listen/kubernetes-96a14974?utm_source=s4l&utm_medium=post&utm_campaign=podlog&utm_term=twitter&utm_content=925quh9z
eke2ejuh,https://podlog.io/listen/kubernetes-96a14974?utm_source=s4l&utm_medium=post&utm_campaign=podlog&utm_term=twitter&utm_content=eke2ejuh
qg6x3qaj,https://podlog.io/listen/kubernetes-96a14974?utm_source=s4l&utm_medium=post&utm_campaign=podlog&utm_term=twitter&utm_content=qg6x3qaj
7uqc4sqd,https://podlog.io/listen/kubernetes-96a14974?utm_source=s4l&utm_medium=post&utm_campaign=podlog&utm_term=twitter&utm_content=7uqc4sqd
3f6jbzy2,https://podlog.io/listen/kubernetes-96a14974?utm_source=s4l&utm_medium=post&utm_campaign=podlog&utm_term=twitter&utm_content=3f6jbzy2
sk83i5q4,https://podlog.io/listen/kubernetes-96a14974?utm_source=s4l&utm_medium=post&utm_campaign=podlog&utm_term=twitter&utm_content=sk83i5q4
ce96v26f,https://podlog.io/listen/kubernetes-96a14974?utm_source=s4l&utm_medium=post&utm_campaign=podlog&utm_term=twitter&utm_content=ce96v26f
t68xrviy,https://podlog.io/listen/kubernetes-96a14974?utm_source=s4l&utm_medium=post&utm_campaign=podlog&utm_term=twitter&utm_content=t68xrviy
ugwqjjrd,https://podlog.io/listen/kubernetes-96a14974?utm_source=s4l&utm_medium=post&utm_campaign=podlog&utm_term=twitter&utm_content=ugwqjjrd
tpm9j2vn,https://podlog.io/listen/kubernetes-96a14974?utm_source=s4l&utm_medium=post&utm_campaign=podlog&utm_term=twitter&utm_content=tpm9j2vn
p68g8a5s,https://podlog.io/listen/kubernetes-96a14974?utm_source=s4l&utm_medium=post&utm_campaign=podlog&utm_term=twitter&utm_content=p68g8a5s
regj7ddz,https://podlog.io/listen/kubernetes-96a14974?utm_source=s4l&utm_medium=post&utm_campaign=podlog&utm_term=twitter&utm_content=regj7ddz
ziy2aj77,https://podlog.io/listen/linux-kernel-654e5f31?utm_source=s4l&utm_medium=post&utm_campaign=podlog&utm_term=twitter&utm_content=ziy2aj77
deya3vtj,https://podlog.io/listen/linux-kernel-654e5f31?utm_source=s4l&utm_medium=post&utm_campaign=podlog&utm_term=twitter&utm_content=deya3vtj
3hxti5se,https://podlog.io/listen/linux-kernel-654e5f31?utm_source=s4l&utm_medium=post&utm_campaign=podlog&utm_term=twitter&utm_content=3hxti5se
9x4zn5bd,https://podlog.io/listen/linux-kernel-654e5f31?utm_source=s4l&utm_medium=post&utm_campaign=podlog&utm_term=twitter&utm_content=9x4zn5bd
jsa9fxer,https://podlog.io/listen/linux-kernel-654e5f31?utm_source=s4l&utm_medium=post&utm_campaign=podlog&utm_term=twitter&utm_content=jsa9fxer
9vb7qjpv,https://podlog.io/listen/linux-kernel-654e5f31?utm_source=s4l&utm_medium=post&utm_campaign=podlog&utm_term=twitter&utm_content=9vb7qjpv
j3mfpuka,https://podlog.io/listen/linux-kernel-654e5f31?utm_source=s4l&utm_medium=post&utm_campaign=podlog&utm_term=twitter&utm_content=j3mfpuka
x9qgfvfs,https://podlog.io/listen/linux-kernel-654e5f31?utm_source=s4l&utm_medium=post&utm_campaign=podlog&utm_term=twitter&utm_content=x9qgfvfs
hzq3hw9t,https://podlog.io/listen/linux-kernel-654e5f31?utm_source=s4l&utm_medium=post&utm_campaign=podlog&utm_term=twitter&utm_content=hzq3hw9t
zxryrd6h,https://podlog.io/listen/linux-kernel-654e5f31?utm_source=s4l&utm_medium=post&utm_campaign=podlog&utm_term=twitter&utm_content=zxryrd6h
jjypvv6e,https://podlog.io/listen/rust-ffe93d3a?utm_source=s4l&utm_medium=post&utm_campaign=podlog&utm_term=twitter&utm_content=jjypvv6e
yf9x7pzj,https://podlog.io/listen/rust-ffe93d3a?utm_source=s4l&utm_medium=post&utm_campaign=podlog&utm_term=twitter&utm_content=yf9x7pzj
6cqdn8gv,https://podlog.io/listen/rust-ffe93d3a?utm_source=s4l&utm_medium=post&utm_campaign=podlog&utm_term=twitter&utm_content=6cqdn8gv
6xn78tmn,https://podlog.io/listen/rust-ffe93d3a?utm_source=s4l&utm_medium=post&utm_campaign=podlog&utm_term=twitter&utm_content=6xn78tmn
9qpvr5yh,https://podlog.io/listen/rust-ffe93d3a?utm_source=s4l&utm_medium=post&utm_campaign=podlog&utm_term=twitter&utm_content=9qpvr5yh
jbky274k,https://podlog.io/listen/rust-ffe93d3a?utm_source=s4l&utm_medium=post&utm_campaign=podlog&utm_term=twitter&utm_content=jbky274k
gpejppcp,https://podlog.io/listen/rust-ffe93d3a?utm_source=s4l&utm_medium=post&utm_campaign=podlog&utm_term=twitter&utm_content=gpejppcp
p4eht7mf,https://podlog.io/listen/rust-ffe93d3a?utm_source=s4l&utm_medium=post&utm_campaign=podlog&utm_term=twitter&utm_content=p4eht7mf
77p7wdgy,https://podlog.io/listen/rust-ffe93d3a?utm_source=s4l&utm_medium=post&utm_campaign=podlog&utm_term=twitter&utm_content=77p7wdgy
9faxcwte,https://podlog.io/listen/rust-ffe93d3a?utm_source=s4l&utm_medium=post&utm_campaign=podlog&utm_term=twitter&utm_content=9faxcwte
afxxfhca,https://podlog.io/listen/postgresql-9847372b?utm_source=s4l&utm_medium=post&utm_campaign=podlog&utm_term=twitter&utm_content=afxxfhca
h72ik9er,https://podlog.io/listen/postgresql-9847372b?utm_source=s4l&utm_medium=post&utm_campaign=podlog&utm_term=twitter&utm_content=h72ik9er
xr44y72d,https://podlog.io/listen/postgresql-9847372b?utm_source=s4l&utm_medium=post&utm_campaign=podlog&utm_term=twitter&utm_content=xr44y72d
atqa7erw,https://podlog.io/listen/postgresql-9847372b?utm_source=s4l&utm_medium=post&utm_campaign=podlog&utm_term=twitter&utm_content=atqa7erw
kjxiyby9,https://podlog.io/listen/postgresql-9847372b?utm_source=s4l&utm_medium=post&utm_campaign=podlog&utm_term=twitter&utm_content=kjxiyby9
fgfceufg,https://podlog.io/listen/postgresql-9847372b?utm_source=s4l&utm_medium=post&utm_campaign=podlog&utm_term=twitter&utm_content=fgfceufg
ehipcp25,https://podlog.io/listen/postgresql-9847372b?utm_source=s4l&utm_medium=post&utm_campaign=podlog&utm_term=twitter&utm_content=ehipcp25
tvbk3jrs,https://podlog.io/listen/postgresql-9847372b?utm_source=s4l&utm_medium=post&utm_campaign=podlog&utm_term=twitter&utm_content=tvbk3jrs
2z4day85,https://podlog.io/listen/postgresql-9847372b?utm_source=s4l&utm_medium=post&utm_campaign=podlog&utm_term=twitter&utm_content=2z4day85
s62acz7q,https://podlog.io/listen/postgresql-9847372b?utm_source=s4l&utm_medium=post&utm_campaign=podlog&utm_term=twitter&utm_content=s62acz7q
paa7xbkb,https://podlog.io/listen/vs-code-6ffbd97f?utm_source=s4l&utm_medium=post&utm_campaign=podlog&utm_term=twitter&utm_content=paa7xbkb
dh5gdsaj,https://podlog.io/listen/vs-code-6ffbd97f?utm_source=s4l&utm_medium=post&utm_campaign=podlog&utm_term=twitter&utm_content=dh5gdsaj
bzmct7nx,https://podlog.io/listen/vs-code-6ffbd97f?utm_source=s4l&utm_medium=post&utm_campaign=podlog&utm_term=twitter&utm_content=bzmct7nx
b6x2ctqr,https://podlog.io/listen/vs-code-6ffbd97f?utm_source=s4l&utm_medium=post&utm_campaign=podlog&utm_term=twitter&utm_content=b6x2ctqr
fc6wuavx,https://podlog.io/listen/vs-code-6ffbd97f?utm_source=s4l&utm_medium=post&utm_campaign=podlog&utm_term=twitter&utm_content=fc6wuavx
94gs72jt,https://podlog.io/listen/vs-code-6ffbd97f?utm_source=s4l&utm_medium=post&utm_campaign=podlog&utm_term=twitter&utm_content=94gs72jt
dtsmx6ut,https://podlog.io/listen/vs-code-6ffbd97f?utm_source=s4l&utm_medium=post&utm_campaign=podlog&utm_term=twitter&utm_content=dtsmx6ut
sd578u4g,https://podlog.io/listen/vs-code-6ffbd97f?utm_source=s4l&utm_medium=post&utm_campaign=podlog&utm_term=twitter&utm_content=sd578u4g
swtj6dcr,https://podlog.io/listen/vs-code-6ffbd97f?utm_source=s4l&utm_medium=post&utm_campaign=podlog&utm_term=twitter&utm_content=swtj6dcr
exzvexmi,https://podlog.io/listen/vs-code-6ffbd97f?utm_source=s4l&utm_medium=post&utm_campaign=podlog&utm_term=twitter&utm_content=exzvexmi
xrci4vbq,https://podlog.io/listen/pytorch-2496be96?utm_source=s4l&utm_medium=post&utm_campaign=podlog&utm_term=twitter&utm_content=xrci4vbq
kbmi3wpa,https://podlog.io/listen/pytorch-2496be96?utm_source=s4l&utm_medium=post&utm_campaign=podlog&utm_term=twitter&utm_content=kbmi3wpa
9vxme5zn,https://podlog.io/listen/pytorch-2496be96?utm_source=s4l&utm_medium=post&utm_campaign=podlog&utm_term=twitter&utm_content=9vxme5zn
qpgindv5,https://podlog.io/listen/pytorch-2496be96?utm_source=s4l&utm_medium=post&utm_campaign=podlog&utm_term=twitter&utm_content=qpgindv5
3viv4snk,https://podlog.io/listen/pytorch-2496be96?utm_source=s4l&utm_medium=post&utm_campaign=podlog&utm_term=twitter&utm_content=3viv4snk
pvypqw48,https://podlog.io/listen/pytorch-2496be96?utm_source=s4l&utm_medium=post&utm_campaign=podlog&utm_term=twitter&utm_content=pvypqw48
mcq3fdnd,https://podlog.io/listen/pytorch-2496be96?utm_source=s4l&utm_medium=post&utm_campaign=podlog&utm_term=twitter&utm_content=mcq3fdnd
pqjh658v,https://podlog.io/listen/pytorch-2496be96?utm_source=s4l&utm_medium=post&utm_campaign=podlog&utm_term=twitter&utm_content=pqjh658v
q4g423v2,https://podlog.io/listen/pytorch-2496be96?utm_source=s4l&utm_medium=post&utm_campaign=podlog&utm_term=twitter&utm_content=q4g423v2
ddwngpgp,https://podlog.io/listen/pytorch-2496be96?utm_source=s4l&utm_medium=post&utm_campaign=podlog&utm_term=twitter&utm_content=ddwngpgp
edcx8vib,https://podlog.io/listen/go-e282e2e6?utm_source=s4l&utm_medium=post&utm_campaign=podlog&utm_term=twitter&utm_content=edcx8vib
ksrpvb79,https://podlog.io/listen/go-e282e2e6?utm_source=s4l&utm_medium=post&utm_campaign=podlog&utm_term=twitter&utm_content=ksrpvb79
4c4dg5ka,https://podlog.io/listen/go-e282e2e6?utm_source=s4l&utm_medium=post&utm_campaign=podlog&utm_term=twitter&utm_content=4c4dg5ka
n38rrasp,https://podlog.io/listen/go-e282e2e6?utm_source=s4l&utm_medium=post&utm_campaign=podlog&utm_term=twitter&utm_content=n38rrasp
jaqkjsuu,https://podlog.io/listen/go-e282e2e6?utm_source=s4l&utm_medium=post&utm_campaign=podlog&utm_term=twitter&utm_content=jaqkjsuu
k8hvd82y,https://podlog.io/listen/go-e282e2e6?utm_source=s4l&utm_medium=post&utm_campaign=podlog&utm_term=twitter&utm_content=k8hvd82y
q2r9ught,https://podlog.io/listen/go-e282e2e6?utm_source=s4l&utm_medium=post&utm_campaign=podlog&utm_term=twitter&utm_content=q2r9ught
8zn93bbi,https://podlog.io/listen/go-e282e2e6?utm_source=s4l&utm_medium=post&utm_campaign=podlog&utm_term=twitter&utm_content=8zn93bbi
5uk5cka3,https://podlog.io/listen/go-e282e2e6?utm_source=s4l&utm_medium=post&utm_campaign=podlog&utm_term=twitter&utm_content=5uk5cka3
6e9rtfb5,https://podlog.io/listen/go-e282e2e6?utm_source=s4l&utm_medium=post&utm_campaign=podlog&utm_term=twitter&utm_content=6e9rtfb5
fsq87z2b,https://podlog.io/listen/python-f98f669e?utm_source=s4l&utm_medium=post&utm_campaign=podlog&utm_term=twitter&utm_content=fsq87z2b
y9uxyqs3,https://podlog.io/listen/python-f98f669e?utm_source=s4l&utm_medium=post&utm_campaign=podlog&utm_term=twitter&utm_content=y9uxyqs3
cr8g7wcf,https://podlog.io/listen/python-f98f669e?utm_source=s4l&utm_medium=post&utm_campaign=podlog&utm_term=twitter&utm_content=cr8g7wcf
vap4v9w7,https://podlog.io/listen/python-f98f669e?utm_source=s4l&utm_medium=post&utm_campaign=podlog&utm_term=twitter&utm_content=vap4v9w7
ntcfdcdz,https://podlog.io/listen/python-f98f669e?utm_source=s4l&utm_medium=post&utm_campaign=podlog&utm_term=twitter&utm_content=ntcfdcdz
8b3vehex,https://podlog.io/listen/python-f98f669e?utm_source=s4l&utm_medium=post&utm_campaign=podlog&utm_term=twitter&utm_content=8b3vehex
kqnarcen,https://podlog.io/listen/python-f98f669e?utm_source=s4l&utm_medium=post&utm_campaign=podlog&utm_term=twitter&utm_content=kqnarcen
j5mppgjc,https://podlog.io/listen/python-f98f669e?utm_source=s4l&utm_medium=post&utm_campaign=podlog&utm_term=twitter&utm_content=j5mppgjc
shf7ykan,https://podlog.io/listen/python-f98f669e?utm_source=s4l&utm_medium=post&utm_campaign=podlog&utm_term=twitter&utm_content=shf7ykan
3jid6yt7,https://podlog.io/listen/python-f98f669e?utm_source=s4l&utm_medium=post&utm_campaign=podlog&utm_term=twitter&utm_content=3jid6yt7
uytzvybf,https://podlog.io/listen/typescript-044e736b?utm_source=s4l&utm_medium=post&utm_campaign=podlog&utm_term=twitter&utm_content=uytzvybf
5dx3mjd2,https://podlog.io/listen/typescript-044e736b?utm_source=s4l&utm_medium=post&utm_campaign=podlog&utm_term=twitter&utm_content=5dx3mjd2
ptx3d2i2,https://podlog.io/listen/typescript-044e736b?utm_source=s4l&utm_medium=post&utm_campaign=podlog&utm_term=twitter&utm_content=ptx3d2i2
fzq35cyr,https://podlog.io/listen/typescript-044e736b?utm_source=s4l&utm_medium=post&utm_campaign=podlog&utm_term=twitter&utm_content=fzq35cyr
q7ct2czi,https://podlog.io/listen/typescript-044e736b?utm_source=s4l&utm_medium=post&utm_campaign=podlog&utm_term=twitter&utm_content=q7ct2czi
v85nzf4s,https://podlog.io/listen/react-daily-101f1abb?utm_source=s4l&utm_medium=post&utm_campaign=podlog&utm_term=twitter&utm_content=v85nzf4s
fifib74w,https://podlog.io/listen/react-daily-101f1abb?utm_source=s4l&utm_medium=post&utm_campaign=podlog&utm_term=twitter&utm_content=fifib74w
ezvcwwqm,https://podlog.io/listen/react-daily-101f1abb?utm_source=s4l&utm_medium=post&utm_campaign=podlog&utm_term=twitter&utm_content=ezvcwwqm
yvnkznrr,https://podlog.io/listen/react-daily-101f1abb?utm_source=s4l&utm_medium=post&utm_campaign=podlog&utm_term=twitter&utm_content=yvnkznrr
nkfwzeeu,https://podlog.io/listen/react-daily-101f1abb?utm_source=s4l&utm_medium=post&utm_campaign=podlog&utm_term=twitter&utm_content=nkfwzeeu
gi7sgc9w,https://podlog.io/listen/next-js-36fde2ae?utm_source=s4l&utm_medium=post&utm_campaign=podlog&utm_term=twitter&utm_content=gi7sgc9w
wgqjfdnq,https://podlog.io/listen/next-js-36fde2ae?utm_source=s4l&utm_medium=post&utm_campaign=podlog&utm_term=twitter&utm_content=wgqjfdnq
ydezn7se,https://podlog.io/listen/next-js-36fde2ae?utm_source=s4l&utm_medium=post&utm_campaign=podlog&utm_term=twitter&utm_content=ydezn7se
zh2dtnwi,https://podlog.io/listen/next-js-36fde2ae?utm_source=s4l&utm_medium=post&utm_campaign=podlog&utm_term=twitter&utm_content=zh2dtnwi
ku45usqq,https://podlog.io/listen/next-js-36fde2ae?utm_source=s4l&utm_medium=post&utm_campaign=podlog&utm_term=twitter&utm_content=ku45usqq
wwn356cz,https://podlog.io/listen/django-b4aa223e?utm_source=s4l&utm_medium=post&utm_campaign=podlog&utm_term=twitter&utm_content=wwn356cz
hpd647bf,https://podlog.io/listen/django-b4aa223e?utm_source=s4l&utm_medium=post&utm_campaign=podlog&utm_term=twitter&utm_content=hpd647bf
dk482exk,https://podlog.io/listen/django-b4aa223e?utm_source=s4l&utm_medium=post&utm_campaign=podlog&utm_term=twitter&utm_content=dk482exk
6z48g82x,https://podlog.io/listen/tailwindcss-ce7e5038?utm_source=s4l&utm_medium=post&utm_campaign=podlog&utm_term=twitter&utm_content=6z48g82x
fn54fhke,https://podlog.io/listen/tailwindcss-ce7e5038?utm_source=s4l&utm_medium=post&utm_campaign=podlog&utm_term=twitter&utm_content=fn54fhke
